2.C.1.f,business law
2.C.8.b,criminology
2.C.7.c,printmaking
2.C.4.g,techniques of spatial analysis
2.C.2.a,logistics
2.C.10,infrastructure planning and management
2.C.3.e,electricity and mechanical systems
2.C.3.d,HVAC principles
2.C.8.a,criminal justice administration
2.C.5.b,psychology of personality
2.C.2.b,agricultural economics
2.C.1.a,business policy and strategy
2.C.5.a,microbiology
2.C.1.a,human resource management
2.C.6,instructional technology
2.C.4.c,organic chemistry
2.C.4.f,sociology of the family
2.C.8.a,police and community relations
2.C.5.b,theories and methods of counseling
2.C.7.d,social history of modern Europe
2.C.4.d,zoology
2.C.9.b,mass media and popular culture
2.C.5.a,dental radiology
2.C.2.a,process management
2.C.1.c,accounting
2.C.7.b,foreign language grammar
2.C.4.f,forensic anthropology
2.C.1.c,macroeconomics
2.C.3.c,technical drawing
2.C.7.e,Eastern religion
2.C.9.a,telecommunications management
2.C.7.a,communications and writing
2.C.1.c,auditing
2.C.6,philosophy of education
2.C.1.c,microeconomics
2.C.4.e,abnormal psychology
2.C.1.d,advertising and promotions
2.C.4.a,probability theory
2.C.7.e,logic
2.C.4.b,modern physics
2.C.4.a,algebra
2.C.4.g,cartography
2.C.4.b,thermodynamics
2.C.4.e,principles of behavioral neuroscience
2.C.1.f,psychology of human relations
2.C.3.a,software engineering
2.C.3.c,drafting
2.C.3.e,electricity fundamentals
2.C.4.d,genetics
2.C.3.d,carpentry
2.C.7.c,digital art
2.C.1.b,computer applications
2.C.1.b,word processing
2.C.1.d,marketing research
2.C.4.c,biochemistry
2.C.10,equipment maintenance
2.C.1.e,hospitality law
2.C.9.a,web technologies
2.C.3.b,computer for engineering technology
2.C.1.e,family and consumer studies
2.C.7.d,Egyptology
2.C.3.a,server administration
2.C.7.a,linguistics
2.C.8.b,political theory
2.C.2.b,nursery management
2.C.9.b,journalism
2.C.3.b,mechanical design fundamentals
2.C.7.b,foreign language conversation
